what,kind,bundleId,bundleVersion,description,time
activated,perspective,org.eclipse.jdt.ui,,"org.eclipse.jdt.ui.JavaPerspective",1322762639248
started,bundle,org.eclipse.osgi,3.5.0.v20090520,"org.eclipse.osgi",1322762639248
started,bundle,org.eclipse.equinox.simpleconfigurator,1.0.100.v20090520-1905,"org.eclipse.equinox.simpleconfigurator",1322762639248
started,bundle,com.ibm.icu,4.0.1.v20090415,"com.ibm.icu",1322762639248
started,bundle,org.eclipse.core.contenttype,3.4.0.v20090429-1800,"org.eclipse.core.contenttype",1322762639248
started,bundle,org.eclipse.core.databinding.observable,1.2.0.I20090604-2000,"org.eclipse.core.databinding.observable",1322762639248
started,bundle,org.eclipse.core.expressions,3.4.100.v20090429-1800,"org.eclipse.core.expressions",1322762639248
started,bundle,org.eclipse.core.filebuffers,3.5.0.v20090526-2000,"org.eclipse.core.filebuffers",1322762639264
started,bundle,org.eclipse.core.filesystem,1.2.0.v20090507,"org.eclipse.core.filesystem",1322762639264
started,bundle,org.eclipse.core.jobs,3.4.100.v20090429-1800,"org.eclipse.core.jobs",1322762639264
started,bundle,org.eclipse.core.net,1.2.0.I20090522-1010,"org.eclipse.core.net",1322762639280
started,bundle,org.eclipse.core.resources,3.5.0.v20090512,"org.eclipse.core.resources",1322762639280
started,bundle,org.eclipse.core.runtime,3.5.0.v20090525,"org.eclipse.core.runtime",1322762639280
started,bundle,org.eclipse.core.runtime.compatibility,3.2.0.v20090413,"org.eclipse.core.runtime.compatibility",1322762639280
started,bundle,org.eclipse.core.runtime.compatibility.auth,3.2.100.v20090413,"org.eclipse.core.runtime.compatibility.auth",1322762639295
started,bundle,org.eclipse.ecf,3.0.0.v20090604-1131,"org.eclipse.ecf",1322762639295
started,bundle,org.eclipse.ecf.filetransfer,3.0.0.v20090604-1131,"org.eclipse.ecf.filetransfer",1322762639295
started,bundle,org.eclipse.ecf.identity,3.0.0.v20090604-1131,"org.eclipse.ecf.identity",1322762639295
started,bundle,org.eclipse.ecf.provider.filetransfer,3.0.0.v20090604-1131,"org.eclipse.ecf.provider.filetransfer",1322762639311
started,bundle,org.eclipse.ecf.provider.filetransfer.httpclient,3.0.0.v20090604-1131,"org.eclipse.ecf.provider.filetransfer.httpclient",1322762639311
started,bundle,org.eclipse.equinox.app,1.2.0.v20090520-1800,"org.eclipse.equinox.app",1322762639311
started,bundle,org.eclipse.equinox.common,3.5.0.v20090520-1800,"org.eclipse.equinox.common",1322762639311
started,bundle,org.eclipse.equinox.ds,1.1.0.v20090601,"org.eclipse.equinox.ds",1322762639326
started,bundle,org.eclipse.equinox.frameworkadmin,1.0.100.v20090520-1905,"org.eclipse.equinox.frameworkadmin",1322762639326
started,bundle,org.eclipse.equinox.frameworkadmin.equinox,1.0.100.v20090520-1905,"org.eclipse.equinox.frameworkadmin.equinox",1322762639326
started,bundle,org.eclipse.equinox.p2.core,1.0.100.v20090520-1905,"org.eclipse.equinox.p2.core",1322762639326
started,bundle,org.eclipse.equinox.p2.director,1.0.100.v20090520-1905,"org.eclipse.equinox.p2.director",1322762639326
started,bundle,org.eclipse.equinox.p2.directorywatcher,1.0.100.v20090525,"org.eclipse.equinox.p2.directorywatcher",1322762639326
started,bundle,org.eclipse.equinox.p2.engine,1.0.100.v20090525,"org.eclipse.equinox.p2.engine",1322762639326
started,bundle,org.eclipse.equinox.p2.exemplarysetup,1.0.100.v20090520-1905,"org.eclipse.equinox.p2.exemplarysetup",1322762639342
started,bundle,org.eclipse.equinox.p2.garbagecollector,1.0.100.v20090520-1905,"org.eclipse.equinox.p2.garbagecollector",1322762639342
started,bundle,org.eclipse.equinox.p2.metadata.repository,1.0.100.v20090525,"org.eclipse.equinox.p2.metadata.repository",1322762639342
started,bundle,org.eclipse.equinox.p2.reconciler.dropins,1.0.100.v20090520-1905,"org.eclipse.equinox.p2.reconciler.dropins",1322762639342
started,bundle,org.eclipse.equinox.p2.repository,1.0.0.v20090601-1921,"org.eclipse.equinox.p2.repository",1322762639342
started,bundle,org.eclipse.equinox.p2.ui.sdk.scheduler,1.0.0.v20090520-1905,"org.eclipse.equinox.p2.ui.sdk.scheduler",1322762639358
started,bundle,org.eclipse.equinox.p2.updatechecker,1.1.0.v20090520-1905,"org.eclipse.equinox.p2.updatechecker",1322762639358
started,bundle,org.eclipse.equinox.preferences,3.2.300.v20090520-1800,"org.eclipse.equinox.preferences",1322762639358
started,bundle,org.eclipse.equinox.registry,3.4.100.v20090520-1800,"org.eclipse.equinox.registry",1322762639358
started,bundle,org.eclipse.equinox.security,1.0.100.v20090520-1800,"org.eclipse.equinox.security",1322762639373
started,bundle,org.eclipse.equinox.simpleconfigurator.manipulator,1.0.100.v20090520-1905,"org.eclipse.equinox.simpleconfigurator.manipulator",1322762639373
started,bundle,org.eclipse.equinox.util,1.0.100.v20090520-1800,"org.eclipse.equinox.util",1322762639373
started,bundle,org.eclipse.help,3.4.0.v20090526,"org.eclipse.help",1322762639373
started,bundle,org.eclipse.jdt.core.manipulation,1.3.0.v20090603,"org.eclipse.jdt.core.manipulation",1322762639373
started,bundle,org.eclipse.jface,3.5.0.I20090525-2000,"org.eclipse.jface",1322762639389
started,bundle,org.eclipse.jsch.core,1.1.100.I20090430-0408,"org.eclipse.jsch.core",1322762639389
started,bundle,org.eclipse.ltk.core.refactoring,3.5.0.v20090513-2000,"org.eclipse.ltk.core.refactoring",1322762639389
started,bundle,org.eclipse.ltk.ui.refactoring,3.4.100.v20090604,"org.eclipse.ltk.ui.refactoring",1322762639389
started,bundle,org.eclipse.mylyn.commons.net,3.2.0.v20090617-0100-e3x,"org.eclipse.mylyn.commons.net",1322762639389
started,bundle,org.eclipse.search,3.5.0.v20090526-2000,"org.eclipse.search",1322762639405
started,bundle,org.eclipse.team.core,3.5.0.I20090527-0620,"org.eclipse.team.core",1322762639405
started,bundle,org.eclipse.team.cvs.core,3.3.200.I20090430-0408,"org.eclipse.team.cvs.core",1322762639405
started,bundle,org.eclipse.team.ui,3.5.0.I20090430-0408,"org.eclipse.team.ui",1322762639405
started,bundle,org.eclipse.ui,3.5.0.I20090604-2000,"org.eclipse.ui",1322762639405
started,bundle,org.eclipse.ui.console,3.4.0.v20090513,"org.eclipse.ui.console",1322762639405
started,bundle,org.eclipse.ui.editors,3.5.0.v20090527-2000,"org.eclipse.ui.editors",1322762639405
started,bundle,org.eclipse.ui.forms,3.4.0.v20090526,"org.eclipse.ui.forms",1322762639420
started,bundle,org.eclipse.ui.ide,3.5.0.I20090525-2000,"org.eclipse.ui.ide",1322762639436
started,bundle,org.eclipse.ui.intro,3.3.0.v20090526,"org.eclipse.ui.intro",1322762639467
started,bundle,org.eclipse.ui.intro.universal,3.2.300.v20090526,"org.eclipse.ui.intro.universal",1322762639467
started,bundle,org.eclipse.ui.net,1.2.0.I20090430-0408,"org.eclipse.ui.net",1322762639467
started,bundle,org.eclipse.ui.views,3.4.0.I20090525-2000,"org.eclipse.ui.views",1322762639467
started,bundle,org.eclipse.ui.workbench,3.5.0.I20090603-2000,"org.eclipse.ui.workbench",1322762639467
started,bundle,org.eclipse.ui.workbench.texteditor,3.5.0.v20090603,"org.eclipse.ui.workbench.texteditor",1322762639467
started,bundle,org.eclipse.update.configurator,3.3.0.v20090312,"org.eclipse.update.configurator",1322762639467
started,bundle,org.eclipse.update.core,3.2.300.v20090525,"org.eclipse.update.core",1322762639483
started,bundle,org.eclipse.update.scheduler,3.2.200.v20081127,"org.eclipse.update.scheduler",1322762639483
started,bundle,com.android.ide.eclipse.adt,14.0.0.v201110171935-205994,"com.android.ide.eclipse.adt",1322762639483
started,bundle,com.android.ide.eclipse.ddms,14.0.0.v201110171935-205994,"com.android.ide.eclipse.ddms",1322762639483
started,bundle,com.android.ide.eclipse.traceview,14.0.0.v201110171935-205994,"com.android.ide.eclipse.traceview",1322762639483
started,bundle,org.eclipse.epp.usagedata.gathering,1.1.1.R201001291118,"org.eclipse.epp.usagedata.gathering",1322762639483
started,bundle,org.eclipse.epp.usagedata.recording,1.1.1.R201001291118,"org.eclipse.epp.usagedata.recording",1322762639483
started,bundle,org.eclipse.jdt.core,3.5.1.v_972_R35x,"org.eclipse.jdt.core",1322762639483
started,bundle,org.eclipse.jdt.ui,3.5.1.r351_v20090821-0800,"org.eclipse.jdt.ui",1322762639498
started,bundle,org.eclipse.mylyn.bugzilla.core,3.2.3.v20100217-0100-e3x,"org.eclipse.mylyn.bugzilla.core",1322762639498
started,bundle,org.eclipse.mylyn.bugzilla.ui,3.2.3.v20100217-0100-e3x,"org.eclipse.mylyn.bugzilla.ui",1322762639498
started,bundle,org.eclipse.mylyn.commons.ui,3.2.3.v20100217-0100-e3x,"org.eclipse.mylyn.commons.ui",1322762639498
started,bundle,org.eclipse.mylyn.context.core,3.2.3.v20100217-0100-e3x,"org.eclipse.mylyn.context.core",1322762639498
started,bundle,org.eclipse.mylyn.context.ui,3.2.3.v20100217-0100-e3x,"org.eclipse.mylyn.context.ui",1322762639514
started,bundle,org.eclipse.mylyn.monitor.ui,3.2.3.v20100217-0100-e3x,"org.eclipse.mylyn.monitor.ui",1322762639514
started,bundle,org.eclipse.mylyn.tasks.ui,3.2.3.v20100217-0100-e3x,"org.eclipse.mylyn.tasks.ui",1322762639514
started,bundle,org.eclipse.mylyn.team.ui,3.2.3.v20100217-0100-e3x,"org.eclipse.mylyn.team.ui",1322762639514
started,bundle,org.eclipse.team.cvs.ui,3.3.202.r35x_20090930-0800,"org.eclipse.team.cvs.ui",1322762639514
started,bundle,org.eclipse.wst.sse.core,1.1.402.v201001251516,"org.eclipse.wst.sse.core",1322762639530
os,sysinfo,,,"win32",1322762639530
arch,sysinfo,,,"x86",1322762639530
ws,sysinfo,,,"win32",1322762639530
locale,sysinfo,,,"en_US",1322762639530
processors,sysinfo,,,"2",1322762639530
java.runtime.name,sysinfo,,,"Java(TM) SE Runtime Environment",1322762639530
java.runtime.version,sysinfo,,,"1.7.0_01-b08",1322762639530
java.specification.name,sysinfo,,,"Java Platform API Specification",1322762639530
java.specification.vendor,sysinfo,,,"Oracle Corporation",1322762639530
java.specification.version,sysinfo,,,"1.7",1322762639530
java.vendor,sysinfo,,,"Oracle Corporation",1322762639530
java.version,sysinfo,,,"1.7.0_01",1322762639530
java.vm.info,sysinfo,,,"mixed mode, sharing",1322762639530
java.vm.name,sysinfo,,,"Java HotSpot(TM) Client VM",1322762639530
java.vm.specification.name,sysinfo,,,"Java Virtual Machine Specification",1322762639530
java.vm.specification.vendor,sysinfo,,,"Oracle Corporation",1322762639530
java.vm.specification.version,sysinfo,,,"1.7",1322762639530
java.vm.vendor,sysinfo,,,"Oracle Corporation",1322762639530
java.vm.version,sysinfo,,,"21.1-b02",1322762639530
deactivated,workbench,org.eclipse.ui.workbench,3.5.0.I20090603-2000,"",1322762654998
activated,workbench,org.eclipse.ui.workbench,3.5.0.I20090603-2000,"",1322762683279
executed,command,org.eclipse.ui,3.5.0.I20090604-2000,"org.eclipse.ui.file.import",1322762683279
deactivated,workbench,org.eclipse.ui.workbench,3.5.0.I20090603-2000,"",1322762687138
activated,workbench,org.eclipse.ui.workbench,3.5.0.I20090603-2000,"",1322762691669
closed,workbench,org.eclipse.ui.workbench,3.5.0.I20090603-2000,"",1322762691779
stopped,bundle,org.eclipse.compare.win32,1.0.0.I20090430-0408,"org.eclipse.compare.win32",1322762692669
stopped,bundle,org.eclipse.wst.dtd.ui,1.0.400.v200904300717,"org.eclipse.wst.dtd.ui",1322762692669
stopped,bundle,overlay.com.android.ide.eclipse.adt.overlay,14.0.0.v201110171935-205994,"overlay.com.android.ide.eclipse.adt.overlay",1322762692669
stopped,bundle,com.android.ide.eclipse.adt,14.0.0.v201110171935-205994,"com.android.ide.eclipse.adt",1322762692685
stopped,bundle,org.eclipse.wst.xsd.ui,1.2.204.v200909021537,"org.eclipse.wst.xsd.ui",1322762692700
stopped,bundle,org.eclipse.wst.xml.ui,1.1.2.v201001222130,"org.eclipse.wst.xml.ui",1322762692700
stopped,bundle,org.eclipse.wst.common.ui,1.1.402.v200901262305,"org.eclipse.wst.common.ui",1322762692700
stopped,bundle,org.eclipse.mylyn.ide.ant,3.2.3.v20100217-0100-e3x,"org.eclipse.mylyn.ide.ant",1322762692700
stopped,bundle,org.eclipse.ant.ui,3.4.1.v20090901_r351,"org.eclipse.ant.ui",1322762692700
stopped,bundle,org.eclipse.mylyn.java.tasks,3.2.3.v20100217-0100-e3x,"org.eclipse.mylyn.java.tasks",1322762692700
stopped,bundle,org.eclipse.mylyn.java.ui,3.2.3.v20100217-0100-e3x,"org.eclipse.mylyn.java.ui",1322762692700
stopped,bundle,org.eclipse.jdt.junit,3.5.1.r351_v20090708-0800,"org.eclipse.jdt.junit",1322762692700
stopped,bundle,org.eclipse.jdt.debug.ui,3.4.1.v20090811_r351,"org.eclipse.jdt.debug.ui",1322762692700
stopped,bundle,org.eclipse.jdt.apt.ui,3.3.200.v20090528-1135,"org.eclipse.jdt.apt.ui",1322762692700
stopped,bundle,com.android.ide.eclipse.traceview,14.0.0.v201110171935-205994,"com.android.ide.eclipse.traceview",1322762692700
stopped,bundle,org.eclipse.jdt.ui,3.5.1.r351_v20090821-0800,"org.eclipse.jdt.ui",1322762692763
stopped,bundle,org.eclipse.mylyn.bugzilla.ui,3.2.3.v20100217-0100-e3x,"org.eclipse.mylyn.bugzilla.ui",1322762692763
stopped,bundle,org.eclipse.mylyn.ide.ui,3.2.3.v20100217-0100-e3x,"org.eclipse.mylyn.ide.ui",1322762692763
stopped,bundle,org.eclipse.mylyn.team.ui,3.2.3.v20100217-0100-e3x,"org.eclipse.mylyn.team.ui",1322762692763
stopped,bundle,org.eclipse.mylyn.resources.ui,3.2.3.v20100217-0100-e3x,"org.eclipse.mylyn.resources.ui",1322762692763
stopped,bundle,org.eclipse.mylyn.wikitext.tasks.ui,1.1.3.v20100217-0100-e3x,"org.eclipse.mylyn.wikitext.tasks.ui",1322762692763
stopped,bundle,org.eclipse.mylyn.context.ui,3.2.3.v20100217-0100-e3x,"org.eclipse.mylyn.context.ui",1322762692763
stopped,bundle,org.eclipse.mylyn.help.ui,3.2.3.v20100217-0100-e3x,"org.eclipse.mylyn.help.ui",1322762692810
stopped,bundle,org.eclipse.mylyn.tasks.bugs,3.2.3.v20100217-0100-e3x,"org.eclipse.mylyn.tasks.bugs",1322762692825
stopped,bundle,org.eclipse.mylyn.tasks.ui,3.2.3.v20100217-0100-e3x,"org.eclipse.mylyn.tasks.ui",1322762692825
stopped,bundle,org.eclipse.wst.sse.ui,1.1.102.v200910200227,"org.eclipse.wst.sse.ui",1322762692841
stopped,bundle,org.eclipse.search,3.5.0.v20090526-2000,"org.eclipse.search",1322762692841
stopped,bundle,org.eclipse.ltk.ui.refactoring,3.4.100.v20090604,"org.eclipse.ltk.ui.refactoring",1322762692841
stopped,bundle,org.eclipse.team.cvs.ui,3.3.202.r35x_20090930-0800,"org.eclipse.team.cvs.ui",1322762692841
stopped,bundle,org.eclipse.team.ui,3.5.0.I20090430-0408,"org.eclipse.team.ui",1322762692888
stopped,bundle,org.eclipse.compare,3.5.0.I20090514-0808,"org.eclipse.compare",1322762692919
stopped,bundle,org.eclipse.ui.externaltools,3.2.0.v20090504,"org.eclipse.ui.externaltools",1322762692935
stopped,bundle,org.eclipse.debug.ui,3.5.0.v20090603,"org.eclipse.debug.ui",1322762692935
stopped,bundle,com.android.ide.eclipse.hierarchyviewer,14.0.0.v201110171935-205994,"com.android.ide.eclipse.hierarchyviewer",1322762692935
stopped,bundle,com.android.ide.eclipse.ddms,14.0.0.v201110171935-205994,"com.android.ide.eclipse.ddms",1322762692935
stopped,bundle,org.eclipse.ui.console,3.4.0.v20090513,"org.eclipse.ui.console",1322762692935
stopped,bundle,org.eclipse.mylyn.commons.ui,3.2.3.v20100217-0100-e3x,"org.eclipse.mylyn.commons.ui",1322762692935
stopped,bundle,org.eclipse.mylyn.wikitext.ui,1.1.3.v20100217-0100-e3x,"org.eclipse.mylyn.wikitext.ui",1322762692982
stopped,bundle,org.eclipse.ui.editors,3.5.0.v20090527-2000,"org.eclipse.ui.editors",1322762692982
activated,perspective,org.eclipse.jdt.ui,,"org.eclipse.jdt.ui.JavaPerspective",1325605736785
started,bundle,org.eclipse.osgi,3.7.1.R37x_v20110808-1106,"org.eclipse.osgi",1325605736785
started,bundle,org.eclipse.equinox.simpleconfigurator,1.0.200.v20110502-1955,"org.eclipse.equinox.simpleconfigurator",1325605736785
started,bundle,com.ibm.icu,4.4.2.v20110208,"com.ibm.icu",1325605736785
started,bundle,org.eclipse.core.contenttype,3.4.100.v20110423-0524,"org.eclipse.core.contenttype",1325605736785
started,bundle,org.eclipse.core.databinding.observable,1.4.0.I20110222-0800,"org.eclipse.core.databinding.observable",1325605736785
started,bundle,org.eclipse.core.expressions,3.4.300.v20110228,"org.eclipse.core.expressions",1325605736785
started,bundle,org.eclipse.core.filebuffers,3.5.200.v20110505-0800,"org.eclipse.core.filebuffers",1325605736785
started,bundle,org.eclipse.core.filesystem,1.3.100.v20110423-0524,"org.eclipse.core.filesystem",1325605736785
started,bundle,org.eclipse.core.jobs,3.5.100.v20110404,"org.eclipse.core.jobs",1325605736785
started,bundle,org.eclipse.core.net,1.2.100.I20110511-0800,"org.eclipse.core.net",1325605736785
started,bundle,org.eclipse.core.resources,3.7.100.v20110510-0712,"org.eclipse.core.resources",1325605736785
started,bundle,org.eclipse.core.runtime,3.7.0.v20110110,"org.eclipse.core.runtime",1325605736785
started,bundle,org.eclipse.core.runtime.compatibility,3.2.100.v20100505,"org.eclipse.core.runtime.compatibility",1325605736785
started,bundle,org.eclipse.core.runtime.compatibility.auth,3.2.200.v20110110,"org.eclipse.core.runtime.compatibility.auth",1325605736785
started,bundle,org.eclipse.epp.mpc.ui,1.1.1.I20110907-0947,"org.eclipse.epp.mpc.ui",1325605736785
started,bundle,org.eclipse.epp.usagedata.gathering,1.3.1.R201106061540,"org.eclipse.epp.usagedata.gathering",1325605736785
started,bundle,org.eclipse.epp.usagedata.recording,1.3.1.R201106061540,"org.eclipse.epp.usagedata.recording",1325605736785
started,bundle,org.eclipse.equinox.app,1.3.100.v20110321,"org.eclipse.equinox.app",1325605736785
started,bundle,org.eclipse.equinox.common,3.6.0.v20110523,"org.eclipse.equinox.common",1325605736785
started,bundle,org.eclipse.equinox.ds,1.3.1.R37x_v20110701,"org.eclipse.equinox.ds",1325605736785
started,bundle,org.eclipse.equinox.event,1.2.100.v20110502,"org.eclipse.equinox.event",1325605736785
started,bundle,org.eclipse.equinox.p2.core,2.1.0.v20110502-1955,"org.eclipse.equinox.p2.core",1325605736785
started,bundle,org.eclipse.equinox.p2.directorywatcher,1.0.300.v20110502-1955,"org.eclipse.equinox.p2.directorywatcher",1325605736785
started,bundle,org.eclipse.equinox.p2.engine,2.1.0.v20110511,"org.eclipse.equinox.p2.engine",1325605736785
started,bundle,org.eclipse.equinox.p2.metadata,2.1.0.v20110510,"org.eclipse.equinox.p2.metadata",1325605736785
started,bundle,org.eclipse.equinox.p2.metadata.repository,1.2.0.v20110511-1359,"org.eclipse.equinox.p2.metadata.repository",1325605736785
started,bundle,org.eclipse.equinox.p2.operations,2.1.0.v20110511-1821,"org.eclipse.equinox.p2.operations",1325605736785
started,bundle,org.eclipse.equinox.p2.reconciler.dropins,1.1.100.v20110510,"org.eclipse.equinox.p2.reconciler.dropins",1325605736785
started,bundle,org.eclipse.equinox.p2.repository,2.1.0.v20110601,"org.eclipse.equinox.p2.repository",1325605736801
started,bundle,org.eclipse.equinox.p2.ui.sdk.scheduler,1.0.100.v20110502-1955,"org.eclipse.equinox.p2.ui.sdk.scheduler",1325605736801
started,bundle,org.eclipse.equinox.p2.updatechecker,1.1.200.v20110502-1955,"org.eclipse.equinox.p2.updatechecker",1325605736801
started,bundle,org.eclipse.equinox.preferences,3.4.1.R37x_v20110725,"org.eclipse.equinox.preferences",1325605736801
started,bundle,org.eclipse.equinox.registry,3.5.101.R37x_v20110810-1611,"org.eclipse.equinox.registry",1325605736801
started,bundle,org.eclipse.equinox.security,1.1.1.R37x_v20110822-1018,"org.eclipse.equinox.security",1325605736801
started,bundle,org.eclipse.equinox.util,1.0.300.v20110502,"org.eclipse.equinox.util",1325605736801
started,bundle,org.eclipse.help,3.5.100.v20110426,"org.eclipse.help",1325605736801
started,bundle,org.eclipse.jdt.core,3.7.1.v_B76_R37x,"org.eclipse.jdt.core",1325605736801
started,bundle,org.eclipse.jdt.core.manipulation,1.4.0.v20110505-0800,"org.eclipse.jdt.core.manipulation",1325605736801
started,bundle,org.eclipse.jdt.ui,3.7.1.r371_v20110824-0800,"org.eclipse.jdt.ui",1325605736801
started,bundle,org.eclipse.jface,3.7.0.I20110522-1430,"org.eclipse.jface",1325605736801
started,bundle,org.eclipse.jsch.core,1.1.300.I20110514-0800,"org.eclipse.jsch.core",1325605736801
started,bundle,org.eclipse.ltk.core.refactoring,3.5.201.r371_v20110824-0800,"org.eclipse.ltk.core.refactoring",1325605736801
started,bundle,org.eclipse.ltk.ui.refactoring,3.6.0.v20110505-0800,"org.eclipse.ltk.ui.refactoring",1325605736801
started,bundle,org.eclipse.m2e.discovery,1.0.100.20110804-1717,"org.eclipse.m2e.discovery",1325605736801
started,bundle,org.eclipse.m2e.logback.configuration,1.0.100.20110804-1717,"org.eclipse.m2e.logback.configuration",1325605736801
started,bundle,org.eclipse.mylyn.bugzilla.core,3.6.2.v20110903-0100,"org.eclipse.mylyn.bugzilla.core",1325605736801
started,bundle,org.eclipse.mylyn.bugzilla.ui,3.6.0.v20110608-1400,"org.eclipse.mylyn.bugzilla.ui",1325605736801
started,bundle,org.eclipse.mylyn.commons.identity,0.8.0.v20110608-1400,"org.eclipse.mylyn.commons.identity",1325605736801
started,bundle,org.eclipse.mylyn.commons.net,3.6.0.v20110608-1400,"org.eclipse.mylyn.commons.net",1325605736801
started,bundle,org.eclipse.mylyn.commons.ui,3.6.1.v20110720-0100,"org.eclipse.mylyn.commons.ui",1325605736801
started,bundle,org.eclipse.mylyn.context.core,3.6.1.v20110720-0100,"org.eclipse.mylyn.context.core",1325605736801
started,bundle,org.eclipse.mylyn.context.ui,3.6.0.v20110608-1400,"org.eclipse.mylyn.context.ui",1325605736801
started,bundle,org.eclipse.mylyn.monitor.ui,3.6.0.v20110608-1400,"org.eclipse.mylyn.monitor.ui",1325605736801
started,bundle,org.eclipse.mylyn.tasks.ui,3.6.2.v20110826-0100,"org.eclipse.mylyn.tasks.ui",1325605736801
started,bundle,org.eclipse.mylyn.team.ui,3.6.1.v20110825-0100,"org.eclipse.mylyn.team.ui",1325605736801
started,bundle,org.eclipse.search,3.7.0.v20110505-0800,"org.eclipse.search",1325605736801
started,bundle,org.eclipse.team.core,3.6.0.I20110525-0800,"org.eclipse.team.core",1325605736801
started,bundle,org.eclipse.team.cvs.core,3.3.400.I20110510-0800,"org.eclipse.team.cvs.core",1325605736801
started,bundle,org.eclipse.team.cvs.ui,3.3.400.I20110510-0800,"org.eclipse.team.cvs.ui",1325605736801
started,bundle,org.eclipse.team.ui,3.6.100.I20110525-0800,"org.eclipse.team.ui",1325605736801
started,bundle,org.eclipse.ui,3.7.0.I20110602-0100,"org.eclipse.ui",1325605736816
started,bundle,org.eclipse.ui.console,3.5.100.v20110511,"org.eclipse.ui.console",1325605736816
started,bundle,org.eclipse.ui.editors,3.7.0.v20110517-0800,"org.eclipse.ui.editors",1325605736816
started,bundle,org.eclipse.ui.forms,3.5.100.v20110425,"org.eclipse.ui.forms",1325605736816
started,bundle,org.eclipse.ui.ide,3.7.0.v20110809-1737,"org.eclipse.ui.ide",1325605736816
started,bundle,org.eclipse.ui.net,1.2.100.I20110511-0800,"org.eclipse.ui.net",1325605736816
started,bundle,org.eclipse.ui.views,3.6.0.I20110412-0800,"org.eclipse.ui.views",1325605736816
started,bundle,org.eclipse.ui.workbench,3.7.0.I20110519-0100,"org.eclipse.ui.workbench",1325605736816
started,bundle,org.eclipse.ui.workbench.texteditor,3.7.0.v20110505-0800,"org.eclipse.ui.workbench.texteditor",1325605736816
started,bundle,org.eclipse.update.configurator,3.3.100.v20100512,"org.eclipse.update.configurator",1325605736816
started,bundle,org.eclipse.update.core,3.2.500.v20110330,"org.eclipse.update.core",1325605736816
started,bundle,org.eclipse.update.scheduler,3.2.300.v20100512,"org.eclipse.update.scheduler",1325605736816
started,bundle,org.eclipse.wb.discovery.core,1.1.0.r37x201109091028,"org.eclipse.wb.discovery.core",1325605736816
started,bundle,org.eclipse.wb.discovery.ui,1.1.0.r37x201109091028,"org.eclipse.wb.discovery.ui",1325605736816
started,bundle,org.eclipse.wst.sse.core,1.1.601.v201108151912,"org.eclipse.wst.sse.core",1325605736816
started,bundle,com.android.ide.eclipse.adt,16.0.0.v201112072138-234950,"com.android.ide.eclipse.adt",1325605736816
started,bundle,com.android.ide.eclipse.ddms,16.0.0.v201112072138-234950,"com.android.ide.eclipse.ddms",1325605736816
started,bundle,com.android.ide.eclipse.traceview,16.0.0.v201112072138-234950,"com.android.ide.eclipse.traceview",1325605736816
os,sysinfo,,,"win32",1325605736816
arch,sysinfo,,,"x86",1325605736816
ws,sysinfo,,,"win32",1325605736816
locale,sysinfo,,,"en_US",1325605736816
processors,sysinfo,,,"2",1325605736816
java.runtime.name,sysinfo,,,"Java(TM) SE Runtime Environment",1325605736816
java.runtime.version,sysinfo,,,"1.7.0_01-b08",1325605736816
java.specification.name,sysinfo,,,"Java Platform API Specification",1325605736816
java.specification.vendor,sysinfo,,,"Oracle Corporation",1325605736816
java.specification.version,sysinfo,,,"1.7",1325605736816
java.vendor,sysinfo,,,"Oracle Corporation",1325605736816
java.version,sysinfo,,,"1.7.0_01",1325605736816
java.vm.info,sysinfo,,,"mixed mode, sharing",1325605736816
java.vm.name,sysinfo,,,"Java HotSpot(TM) Client VM",1325605736816
java.vm.specification.name,sysinfo,,,"Java Virtual Machine Specification",1325605736816
java.vm.specification.vendor,sysinfo,,,"Oracle Corporation",1325605736816
java.vm.specification.version,sysinfo,,,"1.7",1325605736816
java.vm.vendor,sysinfo,,,"Oracle Corporation",1325605736816
java.vm.version,sysinfo,,,"21.1-b02",1325605736816
started,bundle,org.eclipse.m2e.usagedata,1.0.100.20110804-1717,"org.eclipse.m2e.usagedata",1325605736816
deactivated,workbench,org.eclipse.ui.workbench,3.7.0.I20110519-0100,"",1325605742081
started,bundle,org.eclipse.jgit,1.1.0.201109151100-r,"org.eclipse.jgit",1325605751533
started,bundle,org.eclipse.egit.ui,1.1.0.201109151100-r,"org.eclipse.egit.ui",1325605751549
started,bundle,org.eclipse.egit.core,1.1.0.201109151100-r,"org.eclipse.egit.core",1325605751564
started,bundle,org.eclipse.ui.navigator,3.5.100.v20110809-2227,"org.eclipse.ui.navigator",1325605751595
started,bundle,org.eclipse.compare.core,3.5.200.I20110208-0800,"org.eclipse.compare.core",1325605751595
started,bundle,org.eclipse.compare,3.5.201.R37x_v20110817-0800,"org.eclipse.compare",1325605751595
error,log,,,"Invalid project description.",1325605776045
error,log,,,"Invalid project description.",1325605786575
started,bundle,org.eclipse.ui.views.log,1.0.200.v20110404,"org.eclipse.ui.views.log",1325605788059
opened,view,org.eclipse.ui.views.log,1.0.200.v20110404,"org.eclipse.pde.runtime.LogView",1325605788215
activated,view,org.eclipse.ui.views.log,1.0.200.v20110404,"org.eclipse.pde.runtime.LogView",1325605788231
error,log,,,"Invalid project description.",1325605806072
activated,workbench,org.eclipse.ui.workbench,3.7.0.I20110519-0100,"",1325605807838
executed,command,org.eclipse.ui,3.7.0.I20110602-0100,"org.eclipse.ui.file.import",1325605807853
deactivated,workbench,org.eclipse.ui.workbench,3.7.0.I20110519-0100,"",1325605813228
started,bundle,org.eclipse.team.cvs.ssh2,3.2.300.I20110511-0800,"org.eclipse.team.cvs.ssh2",1325605818430
activated,workbench,org.eclipse.ui.workbench,3.7.0.I20110519-0100,"",1325605826851
deactivated,workbench,org.eclipse.ui.workbench,3.7.0.I20110519-0100,"",1325605829132
activated,workbench,org.eclipse.ui.workbench,3.7.0.I20110519-0100,"",1325605830273
executed,command,org.eclipse.ui,3.7.0.I20110602-0100,"org.eclipse.ui.file.export",1325605830273
deactivated,workbench,org.eclipse.ui.workbench,3.7.0.I20110519-0100,"",1325605831866
error,log,,,"Invalid project description.",1325605841006
error,log,,,"Invalid project description.",1325605841100
activated,workbench,org.eclipse.ui.workbench,3.7.0.I20110519-0100,"",1325605877064
executed,command,org.eclipse.ui,3.7.0.I20110602-0100,"org.eclipse.ui.file.import",1325605877080
